Model,TestAUC,Brier,AP,Baseline,Feature,Importance
Logistic Regression (GLM),0.7867245258759241,0.11314696368224628,0.4954702910865899,0.16621253405994552,NA,NA
