Model,TestAUC,Brier,AP,Baseline,Feature,Importance
Random Forest (ranger),0.7593038821954484,0.11338320571640514,0.40894938392512065,0.15306122448979592,MonthlyIncome,91.56653337930346
Random Forest (ranger),0.7593038821954484,0.11338320571640514,0.40894938392512065,0.15306122448979592,Age,49.74412033059986
Random Forest (ranger),0.7593038821954484,0.11338320571640514,0.40894938392512065,0.15306122448979592,OverTime,24.37691723399823
Random Forest (ranger),0.7593038821954484,0.11338320571640514,0.40894938392512065,0.15306122448979592,JobRole,21.23103074122927
Random Forest (ranger),0.7593038821954484,0.11338320571640514,0.40894938392512065,0.15306122448979592,MaritalStatus,18.472892718334087
Random Forest (ranger),0.7593038821954484,0.11338320571640514,0.40894938392512065,0.15306122448979592,Department,6.435649892731008
